x,P(x),ln(P(x)),ln(x),P(ln(x)),ln(P(ln(x)))
0.1,22106.396911949996,10.003622298651809,-2.3025850929940455,-12868966.312066704,nan
0.11228070175438597,24139.26594415133,10.091595085910447,-2.186753277468924,-11008425.442128958,nan
0.12456140350877194,26036.913177878152,10.167270547739761,-2.0829564837872803,-9524160.34907913,nan
0.1368421052631579,27803.285046669404,10.232909459843922,-1.988927534139004,-8317180.491867633,nan
0.14912280701754388,29442.266819987166,10.290186567840141,-1.9029851043382793,-7320070.6501469845,nan
0.16140350877192983,30957.683018086278,10.340376486986058,-1.8238477837795555,-6485360.111272822,nan
0.1736842105263158,32353.297826884034,10.384471236831729,-1.750516510694006,-5778679.732157989,nan
0.18596491228070178,33632.815512829846,10.423257521504421,-1.6821972667165286,-5174553.7391569,nan
0.19824561403508772,34799.88083777486,10.457369241554831,-1.6182485421162551,-4653713.7555356985,nan
0.2105263157894737,35858.07947384171,10.487324189501896,-1.5581446180465497,-4201329.179187748,nan
0.22280701754385968,36810.93841829412,10.513550319617634,-1.5014492743700045,-3805808.919900079,nan
0.23508771929824565,37661.92640840658,10.53640495354247,-1.4477965608776844,-3457970.400804801,nan
0.2473684210526316,38414.45433633401,10.55618908275816,-1.3968764704504275,-3150451.0058545386,nan
0.2596491228070176,39071.87566398147,10.57315819467721,-1.3484240870644806,-2877283.382984847,nan
0.2719298245614036,39637.486837873745,10.587530586784075,-1.302211243909349,-2633583.8281647395,nan
0.28421052631578947,40114.527704025095,10.599493834568033,-1.2580400255962119,-2415320.1844281056,nan
0.29649122807017547,40506.181922808835,10.609209881515675,-1.2157376459055222,-2219136.6045389483,nan
0.3087719298245615,40815.577383827105,10.616819086148919,-1.175152365790444,-2042219.6046588726,nan
0.32105263157894737,41045.78662078042,10.622443469436838,-1.1361502079871748,-1882194.5209050006,nan
0.33333333333333337,41199.82722633744,10.626189341793326,-1.0986122886681096,-1737044.6381319195,nan
0.3456140350877194,41280.66226700456,10.628149443316591,-1.062432632090607,-1605047.4243407778,nan
0.35789473684210527,41291.20069799562,10.628404698089097,-1.0275163669843794,-1484723.8102544248,nan
0.37017543859649127,41234.29777810153,10.627025659368636,-0.9937782273525292,-1374797.516715212,nan
0.38245614035087727,41112.75548456,10.62407370475736,-0.9611412980395067,-1274162.1928043223,nan
0.39473684210526316,40929.32292792518,10.619602027153807,-0.9295359586241757,-1181854.6778287643,nan
0.40701754385964917,40686.69676693724,10.613656457236852,-0.8988989891622857,-1097033.1030635673,nan
0.41929824561403517,40387.52162339217,10.606276145530746,-0.8691728088970849,-1018958.8470039882,nan
0.43157894736842106,40034.39049701135,10.59749412613735,-0.840304824896233,-946981.5803400651,nan
0.44385964912280707,39629.84518031129,10.587337779548319,-0.8122468721010755,-880526.8045252529,nan
0.45614035087719307,39176.37667347322,10.57582920823978,-0.7849547298130679,-819085.4152548152,nan
0.46842105263157896,38676.425599212795,10.562985535762895,-0.7583877024283463,-762204.9198253278,nan
0.48070175438596496,38132.38261764981,10.548819137593597,-0.7325082544405255,-709482.0127446421,nan
0.49298245614035097,37546.58884117771,10.533337809954682,-0.7072816914948499,-660556.2725914712,nan
0.5052631578947369,36921.33624933348,10.516544881064041,-0.6826758806926498,-615104.7890228637,nan
0.5175438596491229,36258.86810366711,10.498439267706527,-0.658661004488776,-572837.5649904214,nan
0.5298245614035089,35561.37936261131,10.479015478600266,-0.635209343453726,-533493.567890282,nan
0.5421052631578948,34831.01709635142,10.458263564666426,-0.6122950839308503,-496837.3262232012,nan
0.5543859649122808,34069.880901694494,10.436169014954581,-0.5898941472416837,-462655.9866579136,nan
0.5666666666666668,33280.02331693969,10.412712595564097,-0.5679840376059391,-430756.7611495272,nan
0.5789473684210527,32463.450236747372,10.387870127371546,-0.5465437063680699,-400964.70571515016,nan
0.5912280701754387,31622.12132700906,10.361612196653859,-0.525553430476234,-373120.7821913541,nan
0.6035087719298247,30757.950439717024,10.33390379070125,-0.5049947034551974,-347080.1622435333,nan
0.6157894736842106,29872.806027833867,10.304703848138214,-0.48485013736272997,-322710.73941848404,nan
0.6280701754385966,28968.511560162402,10.273964710781486,-0.4651033744278954,-299891.8204060415,nan
0.6403508771929826,28046.84593621508,10.241631460286795,-0.44573900724610416,-278512.9711224862,nan
0.6526315789473685,27109.543901083733,10.207641118340995,-0.4267425065554492,-258472.9969217551,nan
0.6649122807017545,26158.296460309437,10.171921683431982,-0.40810015574616937,-239679.03931911668,nan
0.6771929824561405,25194.751294751855,10.134390969851525,-0.38979899136376484,-222045.77418715655,nan
0.6894736842105263,24220.513175459033,10.094955204969285,-0.37182674895933454,-205494.69854522788,nan
0.7017543859649124,23237.14437853721,10.053507328137973,-0.35417181372061374,-189953.49488333584,nan
0.7140350877192984,22246.165100020375,10.009924917684282,-0.3368231753860007,-175355.463498457,nan
0.7263157894736842,21249.053870739728,9.964067649631456,-0.3197703870032814,-161639.01462337052,nan
0.7385964912280703,20247.247971193796,9.915774160641986,-0.3030035271462143,-148747.21323430972,nan
0.7508771929824563,19242.14384641755,9.864858144541202,-0.2865131652467989,-136627.37036619152,nan
0.7631578947368421,18235.097520852614,9.811103451232462,-0.2702903297399117,-125230.67556925691,nan
0.7754385964912281,17227.425013216558,9.754257870484496,-0.2543264787508976,-114511.8658304716,nan
0.7877192982456142,16220.402751372756,9.694025157901992,-0.2386134730863414,-104428.92687505587,nan
0.8,15215.26798719996,9.630054675531197,-0.2231435513142097,-94942.82327305162,nan
0.812280701754386,14213.219211461876,9.561927740927038,-0.20790930674236166,-86017.25421542322,nan
0.824561403508772,13215.416568677061,9.489139348953756,-0.19290366612449142,-77618.43220428226,nan
0.8368421052631579,12222.982271988401,9.411073251394832,-0.17811986994025455,-69714.88223120035,nan
0.849122807017544,11237.001018032926,9.326967274504403,-0.16355145411196403,-62277.25930361204,nan
0.86140350877193,10258.520401811307,9.235863897975673,-0.1491922330340751,-55278.18242821929,nan
0.8736842105263158,9288.551331557745,9.136537881172194,-0.13503628380394286,-48692.083377345276,nan
0.8859649122807018,8328.068443609249,9.02738682875398,-0.12107793155323592,-42495.06875380088,nan
0.8982456140350878,7378.010517275671,8.90625930364702,-0.10731173578908791,-36664.79403579739,nan
0.9105263157894737,6439.280889709406,8.77017214977501,-0.09373247766270713,-31180.348428974485,nan
0.9228070175438597,5512.7478707748,8.614818483964115,-0.08033514809088588,-26022.14948046651,nan
0.9350877192982457,4599.245157917818,8.433647472907126,-0.06711493666275116,-21171.846522435433,nan
0.9473684210526316,3699.572251035972,8.2159724841211,-0.0540672212702757,-16612.232111669487,nan
0.9596491228070176,2814.4948673476047,7.94253808125616,-0.041187558406614526,-12327.160719407242,nan
0.9719298245614036,1944.7453562620667,7.572886325251184,-0.028471674081311887,-8301.474002977282,nan
0.9842105263157895,1091.0231142490666,6.994871171904764,-0.015915455305899457,-4520.932059422515,nan
0.9964912280701755,253.9949997079002,5.537314580635392,-0.0035149421074443855,-972.1501221117231,nan
1.0087719298245617,-565.7042521618332,nan,0.008733679968754852,2357.459784619463,7.765339955876203
1.0210526315789474,-1367.4716144913727,nan,0.020834086902842053,5479.742669682096,8.608813420752288
1.0333333333333334,-2150.7353538730313,nan,0.03278982282299097,8405.85027235822,9.036683203410021
1.0456140350877194,-2914.9546154902837,nan,0.04460430623675406,11146.286988185519,9.318861715885706
1.0578947368421054,-3659.619008248301,nan,0.05628083589858978,13710.952345327354,9.525950233698026
1.0701754385964914,-4384.248189903898,nan,0.0678225963387613,16109.180322626667,9.687144594840998
1.0824561403508774,-5088.39145219668,nan,0.07923266307679222,18349.77577320775,9.81737263396434
1.0947368421052632,-5771.62730597868,nan,0.0905140075408319,20441.048192978178,9.92530032445965
1.1070175438596495,-6433.563066344534,nan,0.10166950171261763,22390.843051379165,10.016407361915617
1.1192982456140352,-7073.834437762813,nan,0.11270192251619418,24206.570881953427,10.094379399336457
1.1315789473684212,-7692.105099205157,nan,0.12361395596717682,25895.234312505014,10.161814227378747
1.1438596491228072,-8288.066289277518,nan,0.13440820109805732,27463.45319858986,10.220611425188011
1.1561403508771932,-8861.43639134985,nan,0.1450871736739116,28917.48800962015,10.272201812528515
1.1684210526315792,-9411.960518686912,nan,0.15565330971179356,30263.261603809467,10.317689767515661
1.1807017543859653,-9939.410099578694,nan,0.16610896881613227,31506.379516389483,10.357945328638266
1.192982456140351,-10443.582462469869,nan,0.17645643734155667,32652.148874854614,10.393665948001457
1.205263157894737,-10924.300421091084,nan,0.18669793139375365,33705.59604532608,10.425419157312339
1.217543859649123,-11381.411859589069,nan,0.19683559967820885,34671.48310536332,10.45367281553636
1.229824561403509,-11814.789317656541,nan,0.20687152620599447,35554.32323060122,10.478817037699708
1.242105263157895,-12224.329575663462,nan,0.21680773286512417,36358.39507536906,10.50118040747589
1.254385964912281,-12609.95323978569,nan,0.2266461818654121,37087.756220883166,10.521042173126158
1.2666666666666668,-12971.604327137611,nan,0.23638877806423053,37746.25575863127,10.538641564556173
1.2789473684210528,-13309.249850900269,nan,0.24603737118006247,38337.54607112691,10.554185010146647
1.2912280701754388,-13622.87940545335,nan,0.2555937579002806,38865.09386725265,10.567851796874388
1.3035087719298248,-13912.504751504282,nan,0.26505968388916357,39332.19052488808,10.579798559905605
1.3157894736842108,-14178.159401219506,nan,0.2744368457017605,39741.96178938675,10.590162880498507
1.3280701754385968,-14419.898203354409,nan,0.2837268926088532,40097.37687269227,10.599066196508952
1.3403508771929826,-14637.79692838365,nan,0.2929314283379248,40401.25699443181,10.60661617718878
1.3526315789473686,-14831.95185363169,nan,0.3020520127347338,40656.28340316479,10.612908676294326
1.3649122807017546,-15002.479348402347,nan,0.31109016334979595,40865.00491307142,10.618029350177101
1.3771929824561406,-15149.515459110335,nan,0.3200473569538128,41029.84498871201,10.622055007430363
1.3894736842105266,-15273.21549441108,nan,0.32892503098583026,41153.108408054206,10.625054741722662
1.4017543859649126,-15373.753610330168,nan,0.3377245849376791,41236.98753173151,10.627090888220613
1.4140350877192984,-15451.322395395837,nan,0.3464473816780326,41283.5682044429,10.628219835480921
1.4263157894736844,-15506.132455767176,nan,0.3550947487192149,41294.83531251689,10.628492718163658
1.4385964912280704,-15538.41200036445,nan,0.36366797942970314,41272.67801992723,10.627956010874621
1.4508771929824564,-15548.40642600214,nan,0.3721683341950957,41218.89470344806,10.626652039515502
1.4631578947368424,-15536.377902515509,nan,0.38059704153015117,41135.19760616558,10.62461942343653
1.4754385964912284,-15502.604957894262,nan,0.38895529914435245,41023.21722720437,10.621893459248172
1.4877192982456142,-15447.382063410594,nan,0.3972442749633074,40884.50646427522,10.61850645520795
1.5000000000000002,-15371.019218750254,nan,0.40546510810816455,40720.5445244955,10.61448802354402
1.5122807017543862,-15273.841537143337,nan,0.4136189098350974,40532.74061786524,10.609865336824669
1.5245614035087722,-15156.188830494546,nan,0.4217067644367964,40322.43744679666,10.604663353467588
1.5368421052631582,-15018.41519451265,nan,0.4297297301077958,40090.914504181,10.598905016655527
1.5491228070175442,-14860.888593841999,nan,0.43768883977536444,39839.39119163413,10.592611430247288
1.56140350877193,-14683.990447191143,nan,0.4455851018975898,39569.02976877986,10.585802014715203
1.573684210526316,-14488.115212465695,nan,0.4534195012302004,39280.93814370645,10.578494645678777
1.585964912280702,-14273.66997189654,nan,0.46119299956358084,38976.17251406068,10.570705777221018
1.598245614035088,-14041.074017170424,nan,0.46890653643136265,38655.73986762125,10.562450551853933
1.610526315789474,-13790.75843456207,nan,0.47656102979189485,38320.600350617075,10.553742898731832
1.62280701754386,-13523.16569006251,nan,0.4841573766838296,37971.66951151841,10.544595621485419
1.6350877192982458,-13238.749214508949,nan,0.49169645385699545,37609.820427531624,10.535020476859302
1.6473684210526318,-12937.972988718306,nan,0.4991791183796672,37235.88572056622,10.525028245173937
1.6596491228070178,-12621.311128614121,nan,0.5066062082232826,36850.65946901105,10.514628793495643
1.6719298245614038,-12289.247470358358,nan,0.5139785428256065,36454.89902125764,10.503831132280794
1.6842105263157898,-11942.275155483134,nan,0.5212969236332863,36049.32671653467,10.492643466159624
1.6964912280701758,-11580.896216017136,nan,0.5285621346246987,35634.63151827249,10.481073239438352
1.7087719298245618,-11205.621159620146,nan,0.5357749428139396,35211.47056489053,10.469127176823394
1.7210526315789476,-10816.968554710824,nan,0.5429360987367674,34780.47064260232,10.456811319806434
1.7333333333333336,-10415.464615598554,nan,0.5500463369192722,34342.22958454869,10.444131059092468
1.7456140350877196,-10001.642787612655,nan,0.5571063763299972,33897.31760031025,10.431091163403343
1.7578947368421056,-9576.043332232046,nan,0.5641169208162145,33446.27853960291,10.417695804945705
1.7701754385964916,-9139.212912218936,nan,0.5710786595250134,32989.63109373406,10.403948581793752
1.7824561403508776,-8691.704176744825,nan,0.5779922673098317,32527.86993818177,10.38985253740286
1.7947368421052634,-8234.075346523896,nan,0.5848584051230308,32061.466819460056,10.375410177439461
1.8070175438596494,-7766.889798942459,nan,0.5916777203950858,31590.87158924796,10.360623484084966
1.8192982456140354,-7290.715653188963,nan,0.5984508474009317,31116.513188583267,10.345493927946261
1.8315789473684214,-6806.125355383323,nan,0.6051784076139884,30638.800584760418,10.330022477682334
1.8438596491228074,-6313.695263710106,nan,0.6118610100483555,30158.123663418413,10.31420960743522
1.8561403508771934,-5814.0052335477085,nan,0.6184992515896491,29674.854078160424,10.298055302133358
1.8684210526315792,-5307.638202595699,nan,0.6250937173149298,29189.346059913965,10.281559060716567
1.8807017543859652,-4795.179776009114,nan,0.6316449808021516,28701.937188114207,10.264719897313537
1.8929824561403512,-4277.217811528826,nan,0.638153604429539,28212.949125673575,10.247536340384938
1.9052631578947372,-3754.342004607024,nan,0.6446201396652851,27722.688319593097,10.230006429827766
1.9175438596491232,-3227.1434735442745,nan,0.651045127347943,27231.44666896342,10.212127712018729
1.9298245614035092,-2696.2143446138944,nan,0.6574290979578663,26739.50216200887,10.1938972327567
1.942105263157895,-2162.1473371969187,nan,0.6637725718800411,26247.11948373528,10.175311528045617
1.954385964912281,-1625.5353489094414,nan,0.6700760596586337,25754.550595654986,10.156366612639719
1.966666666666667,-1086.9710407332168,nan,0.6763400622435642,25262.03528898448,10.137057966252605
1.978947368421053,-547.0464221479488,nan,0.6825650712294086,24769.801712630237,10.117380517309266
1.991228070175439,-6.352436259563547,nan,0.6887515690869074,24278.066877211335,10.097328624096484
2.003508771929825,534.5214550679084,6.281371870104598,0.69490002938736,23787.03713629545,10.076896053140596
2.015789473684211,1074.9876860839431,6.980064485690522,0.7010109170201599,23296.908645965108,10.056075954612698
2.0280701754385966,1614.461002018652,7.386756435071448,0.707084688403727,22807.867803770438,10.034860834529168
2.040350877192983,2152.3588739542756,7.674319670368178,0.7131217916900687,22320.091668066627,10.013242523479047
2.0526315789473686,2688.1019136960385,7.896590615245754,0.719122666963206,21833.748358685258,9.991212141569314
2.064912280701755,3221.1142886363086,8.077482631047667,0.7250877464316811,21348.997439834235,9.968760059232613
2.0771929824561406,3750.8241366315633,8.229730864587035,0.7310174546153553,20865.990286078704,9.945875853489548
2.0894736842105264,4276.663980868354,8.360928540929299,0.7369122085267042,20384.870432207455,9.92254825919722
2.1017543859649126,4798.07114472962,8.47596927128671,0.7427724178467989,19905.773907748564,9.898765114746357
2.114035087719299,5314.488166672876,8.5781919863596,0.7485984850961598,19428.829556860204,9.87451330158948
2.1263157894736846,5825.363215092919,8.669976631012329,0.7543908058006641,18954.159344283165,9.849778676889557
2.1385964912280704,6330.1505031913985,8.753079291031149,0.7601497686526758,18481.878648006845,9.824545998470734
2.1508771929824566,6828.310703851166,8.828832587250915,0.765875755667561,18012.096539269543,9.798798841126706
2.1631578947368424,7319.311364501715,8.8982715266422,0.7715691423357486,17544.916050478685,9.772519503194166
2.1754385964912286,7802.6273219934665,8.962215792114131,0.7772302977704869,17080.434431610614,9.745688902125101
2.1877192982456144,8277.741117462749,9.021325398258735,0.7828595848514408,16618.743395619764,9.718286457585897
2.2,8744.143411200377,9.076139430819817,0.7884573603642703,16159.929353360243,9.690289960367526
2.2122807017543864,9201.333397527691,9.127103687049019,0.794023975136324,15704.073638499174,9.66167542510088
2.224561403508772,9648.819219661294,9.174590826189496,0.7995597741685755,15251.252722876556,9.632416924424176
2.2368421052631584,10086.118384584785,9.218915340083628,0.8050650967639309,14801.538422744132,9.602486401832753
2.249122807017544,10512.7581779178,9.260344863115689,0.8105402766520197,14354.998096294756,9.571853459938977
2.2614035087719304,10928.276078784256,9.299108844923397,0.8159856421105918,13911.694832872477,9.540485120261076
2.273684210526316,11332.220174684306,9.335405290225504,0.8214015160836243,13471.687634237547,9.508345549918582
2.285964912280702,11724.149576364318,9.36940605988351,0.8267882162962494,13035.031588239195,9.475395749704841
2.298245614035088,12103.63483268232,9.401261085869201,0.8321460553666016,12601.778035232846,9.441593196891308
2.310526315789474,12470.258345483104,9.431101755819794,0.8374753409146853,12171.974727564597,9.406891434738384
2.32280701754386,12823.614784463309,9.459043655196869,0.842776375668358,11745.665982426568,9.371239598970027
2.335087719298246,13163.311502046301,9.485188807118906,0.848049457566516,11322.8928283756,9.33458186931964
2.3473684210526318,13488.968948246562,9.509627515461437,0.853294879859578,10903.693145792407,9.296856831545359
2.359649122807018,13800.221085540135,9.53243989170828,0.8585129312073438,10488.101801544159,9.257996731874703
2.3719298245614038,14096.715803737403,9.553697127515031,0.8637038957743137,10076.150778104624,9.217926601443969
2.38421052631579,14378.11533485388,9.57346256113175,0.8688680533225481,9667.869297369281,9.176563222634895
2.396491228070176,14644.09666797251,9.591792575418319,0.8740056793021397,9263.28393939645,9.133813901855207
2.408771929824562,14894.351964118658,9.608737357260255,0.8791170449393755,8862.418756291378,9.089575003666221
2.421052631578948,15128.588971131481,9.624341542098389,0.8842024173226547,8465.29538144136,9.043730188399238
2.4333333333333336,15346.531438528793,9.638644762564734,0.8892620594862358,8071.933134301535,8.996148278339762
2.44561403508772,15547.919532378204,9.651682116526397,0.8942962304918736,7682.349120919272,8.946680654491157
2.4578947368421056,15732.51025017025,9.663484566929258,0.8993051855084113,7296.5583303800095,8.895158054371743
2.470175438596492,15900.077835685108,9.674079283522449,0.9042891758893921,6914.573727343644,8.841386597562979
2.4824561403508776,16050.414193859557,9.683489934696182,0.9092484492487424,6536.406340840785,8.785142804258669
2.494736842105264,16183.329305665102,9.691736936173788,0.9141832495345906,6162.065349481968,8.726167284339256
2.5070175438596496,16298.651642964687,9.698837662082749,0.9190938171012718,5791.558163232375,8.664156647183471
2.5192982456140354,16396.228583397577,9.70480662293944,0.9239803887795738,5424.890501895383,8.598752994222544
2.5315789473684216,16475.926825235132,9.70965561425181,0.9288431979452753,5062.06647044051,8.529530072279327
2.5438596491228074,16537.632802260807,9.713393838761991,0.9336824745860244,4703.0886313089195,8.455974727463605
2.5561403508771936,16581.253098634304,9.71602800476183,0.9384984453666092,4347.958073819473,8.377461605558794
2.5684210526315794,16606.714863761328,9.717562402417716,0.9432913336926612,3996.6744807968716,8.293217914513392
2.580701754385965,16613.96622716752,9.717998959603374,0.9480613597728418,3649.236192534472,8.2022731623588
2.5929824561403514,16602.976713360054,9.71733727835064,0.9528087406795515,3305.640268202431,8.103385460664539
2.605263157894737,16573.737656708807,9.715574652679202,0.9575336904082042,2965.8825448058687,7.994929921376287
2.6175438596491234,16526.26261630305,9.712706068233926,0.9622364199351106,2629.957693790886,7.874723039031359
2.629824561403509,16460.587790834717,9.708724183850737,0.966917137274002,2297.85927539755,7.739733218673512
2.6421052631578954,16376.772433453938,9.703619294856832,0.9715760475312433,1969.5797908479726,7.585575494841386
2.654385964912281,16274.8992666509,9.697379277604522,0.9762133529597603,1645.110732459556,7.405562975499028
2.666666666666667,16155.074897118844,9.689989514405006,0.9808292530117263,1324.4426317659581,7.188746994649099
2.678947368421053,16017.430230622878,9.6814327976818,0.9854239443900368,1007.5651057265459,6.915291912801519
2.691228070175439,15862.120886877645,9.671689211776602,0.9899976210986058,694.4669011001442,6.543144502455587
2.703508771929825,15689.327614403563,9.66073599040495,0.9945504744915201,385.13593705819403,5.953596355236592
2.715789473684211,15499.256705409847,9.648547347267797,0.9990826933210768,79.55934610680015,4.37650323508322
2.7280701754385968,15292.140410661232,9.63509427674258,1.0035944637847387,-222.2764866148882,nan
2.740350877192983,15068.23735433654,9.620344320900273,1.0080859695710356,-520.3858855960807,nan
2.7526315789473688,14827.832948912634,9.604261298285435,1.0125573919044368,-814.7838487110457,nan
2.764912280701755,14571.239810029045,9.586804988913496,1.0170089095892287,-1105.4860124150691,nan
2.7771929824561408,14298.798171353526,9.567930768754815,1.0214406990524165,-1392.508618320744,nan
2.789473684210527,14010.876299455762,9.547589185516024,1.0258529343856817,-1675.868481101339,nan
2.8017543859649128,13707.870908679906,9.525725465725172,1.0302457873864168,-1955.5829576672313,nan
2.8140350877192986,13390.20757600572,9.502278940880647,1.0346194275978642,-2231.6699175685517,nan
2.826315789473685,13058.3411559253,9.477182377605732,1.0389740223483788,-2504.1477145720855,nan
2.8385964912280706,12712.756195312832,9.45036119317737,1.0433097367898414,-2773.0351593697687,nan
2.850877192982457,12353.967348286882,9.421732533244976,1.0476267339352423,-3038.351493373082,nan
2.8631578947368426,11982.51979109319,9.391204182698868,1.0519251746954565,-3300.1163635514986,nan
2.8754385964912283,11598.989636956714,9.358673273038656,1.056205217915234,-3558.349798273215,nan
2.8877192982456146,11203.98435097048,9.324024739643079,1.0604670204084194,-3813.0721841120903,nan
2.9000000000000004,10798.143164949492,9.287129469159453,1.0647107369924285,-4064.3042435792668,nan
2.9122807017543866,10382.137492308393,9.247842059634909,1.0689365205219934,-4312.067013748852,nan
2.9245614035087724,9956.671342927031,9.20599809220317,1.0731445219221982,-4556.381825736924,nan
2.9368421052631586,9522.481738028117,9.161410780580178,1.077334890220825,-4797.270285007409,nan
2.9491228070175444,9080.339125037193,9.113866819470276,1.08150777258002,-5034.754252467272,nan
2.96140350877193,8631.04779245425,9.063121189506406,1.0856633143273067,-5268.855826326191,nan
2.9736842105263164,8175.446284732781,9.00889058568002,1.089801658985955,-5499.597324685466,nan
2.985964912280702,7714.407817139756,8.95084500451358,1.0939229483047237,-5727.001268834338,nan
2.9982456140350884,7248.840690617915,8.888596830320237,1.0980273222869952,-5951.090367220317,nan
3.010526315789474,6779.688706679735,8.82168646641132,1.1021149192193118,-6171.887500074903,nan
3.02280701754386,6307.931582254823,8.749563101837492,1.106185875699334,-6389.415704662773,nan
3.035087719298246,5834.585364567116,8.671558482138721,1.110240326663229,-6603.698161134387,nan
3.047368421052632,5360.702846006956,8.586850373454697,1.1142784054125092,-6814.75817896043,nan
3.059649122807018,4887.373978997115,8.494410419612782,1.1183002436403293,-7022.61918392119,nan
3.071929824561404,4415.726290867664,8.392927604801338,1.122305971457256,-7227.304705633967,nan
3.08421052631579,3946.9252987178043,8.280692149392488,1.1262957174165267,-7428.838365598345,nan
3.096491228070176,3482.174924287945,8.155412355794613,1.1302696085388015,-7627.24386573397,nan
3.1087719298245617,3022.717908835504,8.013911675451975,1.1342277703364305,-7822.544977400259,nan
3.121052631578948,2569.8362280023284,7.85159745134606,1.1381703268372394,-8014.765530874181,nan
3.1333333333333337,2124.851506673731,7.66145719970449,1.1420974006078486,-8203.929405270803,nan
3.14561403508772,1689.125433861278,7.4319661792138545,1.1460091127765373,-8390.060518888418,nan
3.1578947368421058,1264.060177570209,7.142084182410729,1.1499055830556604,-8573.182819965794,nan
3.1701754385964915,851.0987996608019,6.746528220143302,1.1537869297636327,-8753.320277831364,nan
3.1824561403508778,451.7256707325578,6.113075072421758,1.1576532698464863,-8930.496874432683,nan
3.1947368421052635,67.46688497345895,4.211636884512578,1.1615047188990122,-9104.736596230996,nan
3.2070175438596498,-300.1093249479309,nan,1.1653413911854997,-9276.063426447217,nan
3.2192982456140355,-649.3921730266884,nan,1.169163399660075,-9444.501337645514,nan
3.2315789473684218,-978.727905052714,nan,1.1729708559866565,-9610.074284642917,nan
3.2438596491228076,-1286.4193837307394,nan,1.1767638705585293,-9772.806197731225,nan
3.2561403508771933,-1570.725673828274,nan,1.1805425525175501,-9932.720976201686,nan
3.2684210526315796,-1829.8616272779182,nan,1.1843070097729929,-10089.842482157856,nan
3.2807017543859653,-2061.997468335554,nan,1.1880573490200366,-10244.1945346094,nan
3.2929824561403516,-2265.258378696628,nan,1.1917936757579133,-10395.800903833759,nan
3.3052631578947373,-2437.7240826347843,nan,1.1955160943077128,-10544.685305994684,nan
3.3175438596491236,-2577.4284321125597,nan,1.199224707829862,-10690.871398014675,nan
3.3298245614035094,-2682.3589919367805,nan,1.2029196183412776,-10834.382772679717,nan
3.342105263157895,-2750.4566248869523,nan,1.2066009267322055,-10975.242953981106,nan
3.3543859649122814,-2779.615076817572,nan,1.210268732782751,-11113.47539267438,nan
3.366666666666667,-2767.680561813526,nan,1.2139231351791042,-11249.103462054616,nan
3.3789473684210534,-2712.4513473231345,nan,1.2175642315294752,-11382.150453936047,nan
3.391228070175439,-2611.677339270711,nan,1.2211921183797352,-11512.639574828594,nan
3.403508771929825,-2463.0596672017127,nan,1.2248068912287782,-11640.593942305582,nan
3.415789473684211,-2264.250269400887,nan,1.228408644543604,-11766.036581555825,nan
3.428070175438597,-2012.8514780374244,nan,1.2319974717741324,-11888.990422107687,nan
3.440350877192983,-1706.4156042812392,nan,1.2355734653677506,-12009.478294727094,nan
3.452631578947369,-1342.4445234369487,nan,1.2391367167836032,-12127.522928476617,nan
3.464912280701755,-918.3892600797117,nan,1.2426873165066266,-12243.146947930807,nan
3.477192982456141,-431.64957319106907,nan,1.2462253540613377,-12356.372870543528,nan
3.4894736842105267,120.42645873501897,4.7910392656670755,1.2497509180253765,-12467.223104160475,nan
3.501754385964913,740.5428525488824,6.607383501782124,1.2532640960428136,-12575.719944670906,nan
3.5140350877192987,1431.4561352841556,7.26644748158468,1.2567649748372225,-12681.885573793676,nan
3.526315789473685,2195.9757590908557,7.694381763903128,1.260253640224526,-12785.742056992625,nan
3.5385964912280707,3036.9645160445943,8.018613781093592,1.2637301771256162,-12887.311341517205,nan
3.5508771929824565,3957.3389530563727,8.283327096816304,1.2671946695787604,-12986.615254560485,nan
3.5631578947368427,4960.069786719978,8.509175089523215,1.270647200751789,-13083.675501534177,nan
3.5754385964912285,6048.182318192907,8.707513062608864,1.2740878529540745,-13178.51366445388,nan
3.5877192982456148,7224.756848054007,8.885268858165736,1.2775167076483065,-13271.151200429173,nan
3.6000000000000005,8492.929091200233,9.046989224657699,1.2809338454620645,-13361.609440256914,nan
3.6122807017543868,9855.89059167169,9.195824585029026,1.2843393461991939,-13449.90958711387,nan
3.6245614035087725,11316.889137563296,9.334051502820344,1.2877332888509883,-13536.072715340699,nan
3.6368421052631583,12879.229175888002,9.46337115127492,1.2911157516071838,-13620.119769320336,nan
3.6491228070175445,14546.272227402776,9.585090035471495,1.294486811866768,-13702.071562440695,nan
3.6614035087719303,16321.437301547267,9.700234694587918,1.297846546248605,-13781.948776142992,nan
3.6736842105263166,18208.201311254874,9.809627393063032,1.3011950306018865,-13859.771959048703,nan
3.6859649122807023,20210.099487867206,9.913937733090508,1.3045323400164048,-13935.561526165511,nan
3.698245614035088,22330.725795954466,10.013718847483526,1.3078585488326573,-14009.337758168069,nan
3.7105263157894743,24573.73334824294,10.109433401397819,1.3111737306517828,-14081.120800747005,nan
3.72280701754386,26942.83482043445,10.201472671615981,1.3144779583453328,-14150.930664029693,nan
3.7350877192982463,29441.80286609754,10.290170809626007,1.3177713040648837,-14218.787222065192,nan
3.747368421052632,32074.470531547442,10.3758156821472,1.3210538392514897,-14284.710212371916,nan
3.7596491228070184,34844.731670707464,10.458657233188857,1.3243256346449814,-14348.719235548517,nan
3.771929824561404,37756.54135993868,10.538914020723722,1.3275867602931128,-14410.833754937194,nan
3.78421052631579,40813.91631299257,10.616778388338371,1.3308372855605606,-14471.073096351443,nan
3.796491228070176,44020.93529581651,10.692420601920082,1.3340772791377764,-14529.456447847078,nan
3.808771929824562,47381.73954143189,10.765992191716562,1.3373068090496962,-14586.002859553802,nan
3.821052631578948,50900.533164829016,10.837628677234816,1.3405259426643101,-14640.731243549817,nan
3.833333333333334,54581.58357780427,10.90745180772572,1.343734746701095,-14693.660373785955,nan
3.8456140350877197,58429.22190386057,10.975571418736566,1.3469332872393105,-14744.808886054998,nan
3.857894736842106,62447.84339305945,11.042086981619715,1.3501216297261656,-14794.195278003433,nan
3.8701754385964917,66641.90783688799,11.107088905435845,1.353299838984852,-14841.83790918524,nan
3.882456140350878,71015.93998314999,11.1706596376305,1.356467979222454,-14887.755001155674,nan
3.8947368421052637,75574.52995080128,11.232874599989565,1.3596261140377295,-14931.964637601792,nan
3.90701754385965,80322.33364484645,11.293802988846695,1.362774306428772,-14974.484764509645,nan
3.9192982456140357,85264.07317120768,11.35350846270855,1.3659126188005504,-15015.3331903676,nan
3.9315789473684215,90404.53725158237,11.412049735956838,1.3690411129723312,-15054.527586401964,nan
3.9438596491228077,95748.58163831197,11.469481093756277,1.372159850184986,-15092.085486843447,nan
3.9561403508771935,101301.12952926382,11.52585284051285,1.375268891108183,-15128.024289224864,nan
3.9684210526315797,107067.17198269069,11.581211692014575,1.3783682958474701,-15162.361254707866,nan
3.9807017543859655,113051.76833210513,11.635601119619208,1.381458123951246,-15195.113508438,nan
3.9929824561403513,119260.04660115391,11.689061653429611,1.384538434417626,-15226.29803992404,nan
4.0052631578947375,125697.20391847007,11.741631150245574,1.3876092857012,-15255.931703444796,nan
4.017543859649123,132368.50693258457,11.793345031144199,1.3906707357196897,-15284.031218478005,nan
4.029824561403509,139279.29222670384,11.844236492771374,1.3937228418605025,-15310.613170154626,nan
4.042105263157895,146434.9667337127,11.89433669580022,1.3967656609871861,-15335.69400973199,nan
4.0543859649122815,153841.00815092959,11.943674933484361,1.3997992494457852,-15359.290055088131,nan
4.066666666666667,161502.9653550312,11.992278782807743,1.4028236630711013,-15381.417491238928,nan
4.078947368421053,169426.45881691575,12.040174240366628,1.405838957192861,-15402.09237087032,nan
4.091228070175439,177617.18101654947,12.087385844819247,1.4088451866417873,-15421.33061488907,nan
4.103508771929825,186080.89685787633,12.133936787484409,1.4118424057555832,-15439.148012993464,nan
4.11578947368421,194823.44408364408,12.179849012454511,1.4148306683848249,-15455.56022425303,nan
4.128070175438597,203850.73369032517,12.22514330740857,1.4178100278987669,-15470.582777714124,nan
4.140350877192983,213168.75034292229,12.269839386154215,1.42078053719106,-15484.231073007555,nan
4.152631578947369,222783.55278989114,12.31395596379824,1.4237422486853881,-15496.520380980292,nan
4.1649122807017545,232701.27427797765,12.3575108253303,1.4266952143410174,-15507.465844332066,nan
4.17719298245614,242928.12296713144,12.4005208883094,1.4296394856582668,-15517.082478270648,nan
4.189473684210527,253470.38234531507,12.44300226025792,1.4325751136838971,-15525.385171173315,nan
4.201754385964913,264334.4116434213,12.48497029129776,1.43550214901642,-15532.388685261845,nan
4.2140350877192985,275526.64625009894,12.526439622499153,1.438420641811333,-15538.107657286586,nan
4.226315789473684,287053.5981266871,12.567424230360237,1.4413306417862755,-15542.556599220174,nan
4.23859649122807,298921.8562220186,12.607937467786817,1.4442321982261097,-15545.749898959722,nan
4.250877192982457,311138.0868873261,12.647992101902425,1.4471253599879301,-15547.701821038892,nan
4.2631578947368425,323709.03429111466,12.687600348981515,1.4500101755059984,-15548.426507344891,nan
4.275438596491228,336641.52083400637,12.726773906767791,1.4528866927966104,-15547.937977845388,nan
4.287719298245614,349942.447563611,12.765523984412052,1.45575495946289,-15546.250131318448,nan
4.3,363618.7945894487,12.803861330239577,1.4586150226995167,-15543.376746094757,nan
4.3122807017543865,377677.6214977391,12.841796257534957,1.4614669292973843,-15539.33148079821,nan
4.324561403508772,392126.0677663386,12.87933866851468,1.4643107256481946,-15534.127875097489,nan
4.336842105263158,406971.35317956284,12.916498076639371,1.4671464577489857,-15527.779350458528,nan
4.349122807017544,422220.7782430798,12.953283627403946,1.4699741712065946,-15520.299210904268,nan
4.3614035087719305,437881.7245987952,12.989704117729955,1.4727939112420607,-15511.700643777018,nan
4.373684210526316,453961.6554396935,13.025768014072655,1.4756057226949622,-15501.996720502793,nan
4.385964912280702,470468.11592467874,13.061483469345076,1.4784096500276964,-15491.20039736187,nan
4.398245614035088,487408.7335935533,13.096858338752043,1.4812057373296976,-15479.32451626069,nan
4.410526315789474,504791.21878176555,13.131900194617595,1.4839940283215969,-15466.381805505225,nan
4.42280701754386,522623.36503534764,13.166616340283435,1.4867745663593241,-15452.384880578858,nan
4.435087719298246,540913.0495257489,13.201013823147626,1.4895473944381523,-15437.346244918037,nan
4.447368421052632,559668.23346477,13.235099446907787,1.4923125551966878,-15421.278290696559,nan
4.459649122807018,578896.962519329,13.26887978306651,1.4950700909208035,-15404.193299601058,nan
4.471929824561403,598607.3672264367,13.30236118175306,1.4978200435475195,-15386.103443617729,nan
4.48421052631579,618807.6634080112,13.335549781909489,1.5005624546688296,-15367.020785811183,nan
4.496491228070176,639506.152585715,13.368451520886286,1.5032973655354753,-15346.957281110299,nan
4.508771929824562,660711.2223959267,13.401072143488868,1.5060248170606696,-15325.92477708841,nan
4.521052631578947,682431.3470044918,13.433417210512083,1.5087448498237692,-15303.935014748567,nan
4.533333333333333,704675.0875216797,13.465492106798182,1.5114575040738967,-15280.999629304832,nan
4.54561403508772,727451.0924170502,13.49730204884981,1.5141628197335142,-15257.130150964309,nan
4.557894736842106,750768.09793422,13.528852092027508,1.5168608364019491,-15232.338005709302,nan
4.5701754385964914,774634.9285058752,13.560147137359452,1.5195515933588715,-15206.63451607617,nan
4.582456140350877,799060.4971685745,13.591191937987942,1.5222351295677259,-15180.030901935359,nan
4.594736842105263,824053.8059775569,13.621991105276205,1.524911483679116,-15152.538281269022,nan
4.60701754385965,849623.946421735,13.652549114597248,1.5275806940341459,-15124.167670945913,nan
4.6192982456140355,875780.0998384692,13.682870310824175,1.5302427986677136,-15094.929987497817,nan
4.631578947368421,902531.5378285162,13.712958913540957,1.5328978353117662,-15064.83604789128,nan
4.643859649122807,929887.6226707771,13.742819021990327,1.5355458413985055,-15033.896570296944,nan
4.656140350877194,957857.8077373207,13.772454619775283,1.538186854063557,-15002.122174859935,nan
4.6684210526315795,986451.6379081197,13.801869579328367,1.5408209101490935,-14969.523384464468,nan
4.680701754385965,1015678.7499860078,13.83106766616301,1.5434480462069187,-14936.11062549804,nan
4.692982456140351,1045548.8731115051,13.86005254291943,1.546068298501511,-14901.894228611927,nan
4.705263157894737,1076071.8291777223,13.888827773217178,1.548681703013028,-14866.8844294812,nan
4.7175438596491235,1107257.5332451686,13.917396825325334,1.551288295440269,-14831.091369556598,nan
4.729824561403509,1139115.9939566888,13.9457630756609,1.5538881112036018,-14794.525096821366,nan
4.742105263157895,1171657.3139523156,13.973929812124927,1.5564811854478517,-14757.195566537368,nan
4.754385964912281,1204891.6902840994,14.001900237285462,1.5590675530451508,-14719.112641993794,nan
4.766666666666667,1238829.4148310237,14.02967747141587,1.561647248597752,-14680.286095249088,nan
4.778947368421053,1273480.8747138828,14.057264555396365,1.5642203064408073,-14640.725607871034,nan
4.791228070175439,1308856.552710075,14.084664453486106,1.5667867606451094,-14600.440771672584,nan
4.803508771929825,1344967.0276685767,14.111880055973032,1.5693466450197984,-14559.441089446482,nan
4.815789473684211,1381822.9749247357,14.138914181707651,1.5718999931150353,-14517.735975691408,nan
4.828070175438596,1419435.16671516,14.165769580527103,1.5744468382246384,-14475.334757343022,nan
4.840350877192983,1457814.472592596,14.192448935575165,1.5769872133886904,-14432.246674489346,nan
4.852631578947369,1496971.859840814,14.218954865523559,1.5795211513961078,-14388.480881094132,nan
4.864912280701755,1536918.3938894346,14.245289926699616,1.5820486847871822,-14344.046445709319,nan
4.87719298245614,1577665.2387288436,14.271456615125112,1.5845698458560868,-14298.952352184919,nan
4.889473684210527,1619223.657325007,14.297457368470655,1.5870846666533525,-14253.207500376739,nan
4.901754385964913,1661605.012034431,14.323294567929976,1.5895931789883113,-14206.820706848826,nan
4.914035087719299,1704820.76501894,14.34897054001788,1.5920954144315127,-14159.800705570407,nan
4.926315789473684,1748882.4786605537,14.37448755829579,1.5945914043171059,-14112.156148613023,nan
4.93859649122807,1793801.8159764558,14.399847845028363,1.597081179745195,-14063.895606838152,nan
4.950877192982457,1839590.541033715,14.425053572774344,1.5995647715841637,-14015.027570584149,nan
4.963157894736843,1886260.5193642974,14.450106865915071,1.6020422104729715,-13965.560450350007,nan
4.975438596491228,1933823.718379818,14.475009802123303,1.6045135268234223,-13915.502577469975,nan
4.987719298245614,1982292.2077865005,14.499764413775404,1.606978750822404,-13864.862204790377,nan
5.0,2031678.1599999964,14.524372689309377,1.6094379124341003,-13813.647507334332,nan
